name,docTypeAlias,bulkUploadLegacyId,bulkUploadLegacyParentId,title|text,subtitle|text,author|legacyContentPicker,categories|legacyContentPickers,articleDate|dateTime,bulkUploadShouldPublish
Article 1,article,article-1,blog-container,Getting Started with Umbraco,Learn the basics of Umbraco CMS,author-john,category-tech,"01/01/2026 00:00",TRUE
Article 2,article,article-2,blog-container,Business Trends in 2025,Top business trends to watch,author-jane,"category-business,category-finance","02/01/2026 00:00",TRUE
Article 3,article,article-3,blog-container,Financial Planning Tips,How to plan your finances,author-jane,category-finance,"05/01/2026 00:00",TRUE
Article 4,article,article-4,blog-container,Tech Innovation,Latest tech innovations,author-john,category-tech,"06/01/2026 00:00",TRUE
